"id","user_id","img_url","title","description","created_at","updated_at"
1,1,Images/1/DbContext.png,sla,,"2022-10-28 21:58:50","2022-10-28 21:58:50"
2,2,Images/1/DbContext.png,sla,tmj,"2022-10-28 21:58:50","2022-10-28 21:58:50"
3,3,Images/1/DbContext.png,sla,tmj,"2022-10-28 21:58:50","2022-10-28 21:58:50"
4,4,Images/1/DbContext.png,sla,tmj,"2022-10-28 21:58:50","2022-10-28 21:58:50"
5,5,Images/1/DbContext.png,sla,tmj,"2022-10-28 21:58:50","2022-10-28 21:58:50"
6,6,Images/1/DbContext.png,sla,tmj,"2022-10-28 21:58:50","2022-10-28 21:58:50"
7,2,Images/2/1126615.jpg,QUALQUER COISA,isso é um teste,"2022-10-31 20:52:38","2022-10-31 20:52:38"
8,2,Images/2/1126615.jpg,QUALQUER COISA,isso é um teste,"2022-10-31 20:55:02","2022-10-31 20:55:02"
9,2,Images/2/1126615.jpg,QUALQUER COISA,isso é um teste,"2022-10-31 20:55:17","2022-10-31 20:55:17"
10,2,Images/2/1126615.jpg,AMEM,isso é um teste,"2022-10-31 21:02:22","2022-10-31 21:02:22"
